question,ground_truth_answer,gold_chunk_id,source_doc,section,groundedness_score
"Under what specific condition(s) would you not receive your shares according to your Award, as per the compliance section in the context provided?","You will not receive your shares under your Award unless either (a) the shares are registered under the Securities Act, or (b) the Company has determined that such issuance would be exempt from the registration requirements of the Securities Act. Additionally, you will not receive such shares if the Company determines that such receipt would not be in material compliance with applicable U.S. and non-U.S. state, federal, and local laws and regulations governing the Award.",4d26711b-72ac-47d4-8676-df779c95708f,Nvidia10K2025.pdf,4. Compliance with Law.,5
"Calculate the net book value of Nvidia's property and equipment as of January 26, 2025, and determine the percentage increase in net book value from January 28, 2024.","The net book value of Nvidia's property and equipment as of January 26, 2025, is $6,283 million ($10,684 million - $4,401 million). As of January 28, 2024, the net book value was $3,914 million ($7,423 million - $3,509 million). The percentage increase in net book value from January 28, 2024, to January 26, 2025, is approximately 60.53% [(6,283 - 3,914) / 3,914 * 100].",e1b23775-a122-4bc5-a4fc-2a9b17932248,Nvidia10K2025.pdf,Property and Equipment:,5
"In the context of Nvidia's foreign currency remeasurement practices, how are non-monetary assets and liabilities, such as property and equipment, treated in terms of exchange rates, and what is the impact on earnings reported in the Consolidated Statements of Income?","Non-monetary assets and liabilities, such as property and equipment, are remeasured at historical exchange rates. The gains or losses from foreign currency remeasurement, including these non-monetary items, are included in earnings in the Consolidated Statements of Income. However, to date, these gains or losses have not been significant.",95f91c74-3f82-429f-9714-7187cde45ef9,Nvidia10K2025.pdf,Foreign Currency Remeasurement,5
"Based on the section from Nvidia's 2025 10K report, how does the company handle changes in their estimates of deferred tax assets and liabilities when there is added certainty to an anticipated outcome?",The company may change its estimates of deferred tax assets and liabilities when there is added certainty or finality to an anticipated outcome. This could result in recognizing an income tax benefit or additional income tax expense in their financial statements if payment of recorded tax liability is deemed unnecessary or if the current assessment reflects a lesser liability.,4ecd1a67-25bd-485f-bbbd-72d4d8896bb1,Nvidia10K2025.pdf,Income Taxes,5
"If a Corporate Transaction is set to occur on November 15, 2025, and the surviving corporation chooses not to assume or continue the outstanding Purchase Rights, by what date must the Participants' accumulated Contributions be used to purchase shares of Common Stock?","The Participants' accumulated Contributions must be used to purchase shares of Common Stock by November 5, 2025, which is ten business days prior to the Corporate Transaction on November 15, 2025.",9f4c11b2-8042-45b4-b32c-a3b49e1f6b2d,Nvidia10K2025.pdf,11. Adjustments upon Changes in Common Stock; Corporate Transactions.,5
"On March 15, 2025, Nvidia's Common Stock was not traded due to a market holiday, and the last available closing sales price was $500 on March 14, 2025. According to Nvidia's definition of Fair Market Value, what would be the Fair Market Value of Nvidia's Common Stock on March 15, 2025?","The Fair Market Value of Nvidia's Common Stock on March 15, 2025, would be $500, which is the closing sales price on the last preceding date for which such quotation exists, March 14, 2025.",85ea4452-d6a3-4172-bafd-d56e6818012a,Nvidia10K2025.pdf,Definitions,5
"What was the total amount of product warranty liabilities utilized over the three fiscal years ending on January 26, 2025, January 28, 2024, and January 29, 2023?","The total amount of product warranty liabilities utilized over the three fiscal years was $382 million, calculated as $219 million (2025) + $54 million (2024) + $109 million (2023).",cd8f7815-a7d2-4341-910e-3f28939b88ca,Nvidia10K2025.pdf,Accrual for Product Warranty Liabilities,5
"According to Section 19 of Nvidia's 10-K report, what are the responsibilities of an individual regarding tax obligations when realizing income under the Plan or from the sale of shares of Common Stock?",The individual is responsible for complying with all tax payment and/or reporting obligations related to any income realized under the Plan or from the sale of shares of Common Stock. They should consult with personal legal and tax advisors to ensure compliance with these requirements.,a1b4fe7b-90f9-4817-9b6e-aaa9dd154ebb,Nvidia10K2025.pdf,"19. Foreign Assets/Account and Tax Reporting, Exchange Controls",5
"In the event that Nvidia undergoes a merger resulting in a successor company, are the obligations of Nvidia under the Plan and Agreement transferred to the successor?","Yes, all obligations of Nvidia under the Plan and Agreement will be binding on any successor company, whether through direct or indirect purchase, merger, consolidation, or otherwise, involving all or substantially all of Nvidia's business and/or assets.",dd188675-c281-4928-9270-fad20940a1f4,Nvidia10K2025.pdf,24. Miscellaneous.,5
"If a court declares Section 15 of the Agreement unlawful, how should the remaining parts of the Agreement be treated according to Section 22?","According to Section 22, if a court declares Section 15 of the Agreement unlawful, the remaining parts of the Agreement should not be invalidated. Furthermore, Section 15 should be construed in a manner that gives effect to its terms to the fullest extent possible while remaining lawful and valid.",042e0f05-a83c-442d-9049-f54fa1e217d2,Nvidia10K2025.pdf,22. Severability.,5
"What are the potential non-price related impacts of macroeconomic factors on Nvidia's operations as per the 2025 10-K report, and how does the company manage these impacts within their supply chain?","Macroeconomic factors such as inflation, interest rate changes, capital market volatility, global supply chain constraints, tariffs, and geopolitical developments can directly and indirectly impact Nvidia's operations by affecting their supply chain and manufacturing costs, employee wages, costs for capital equipment, and the value of their investments. Nvidia manages these impacts by continuously managing product availability and costs with their vendors, as their product and solution pricing generally does not fluctuate with short-term changes in their costs.",52eb212d-0f2f-45cb-ba1f-258d3c2438ff,Nvidia10K2025.pdf,Macroeconomic Factors,5
"If an employee's Restricted Stock Units (RSUs) vested on January 15, 2025, and a cash dividend was declared on February 20, 2025, would the employee receive any cash or stock related to this dividend? Explain based on the provided context.","No, the employee would not receive any cash or stock related to the cash dividend declared on February 20, 2025. According to the context, following the date of vesting, no cash, stock, or other property related to cash dividends will be issuable in respect of vested Restricted Stock Units unless it results from a Capitalization Adjustment.",d2f10dc0-9cc7-45a5-a383-ef3912a0a5ba,Nvidia10K2025.pdf,7. Dividends.,5
"What are some potential disruptions that could harm Nvidia's operations as mentioned in the context, specifically in relation to their business with the State of Israel?","Potential disruptions that could harm Nvidia's operations in relation to their business with the State of Israel include economic boycotts, natural disasters, high heat events, water shortages, power shortages, information technology system failures, cyber-attacks, military actions, economic issues, business issues, labor issues, environmental issues, public health issues, and political issues.",98402c9e-6ff9-492e-b799-f0059a6850de,Nvidia10K2025.pdf,Risks Related to Our Global Operating Business,5
"What system can be used to anonymously report a potential violation of NVIDIA's policy, and what will NVIDIA ensure upon receiving a good faith report?",You can use NVIDIA's Speak Up system through EthicsPoint to anonymously report a potential violation. NVIDIA will ensure confidentiality and will not retaliate against anyone who reports a good faith concern or cooperates with an investigation.,7cede457-eacc-4f62-8e69-8e68053cc598,Nvidia10K2025.pdf,Speak Up | Reporting Concerns,5
"According to the provided context from the Nvidia 10K 2025 report, what specific financial risks could adversely affect Nvidia's ability to fulfill its own obligations?","Adverse developments affecting financial institutions, such as bank failures or instability, or concerns or speculation about similar events or risks, could lead to market-wide liquidity problems and other disruptions, impacting Nvidia's ability to fulfill its own obligations.",1ef325b0-7c8e-4546-a51e-6da2e4b8f379,Nvidia10K2025.pdf,Risks Related to Our Global Operating Business,5
"According to the section on Risks Related to Regulatory, Legal, Our Stock and Other Matters in the document Nvidia10K2025.pdf, what potential actions could revisions to laws or regulations lead to that may adversely affect Nvidia's business plans and shipment timing?","Revisions to laws or regulations could lead to increased taxation, trade sanctions, the imposition of or increase to import duties or tariffs, restrictions and controls on imports or exports, or other retaliatory actions, all of which could adversely affect Nvidia's business plans or impact the timing of their shipments.",7099c1b5-0aa6-40aa-8dd6-01794bee2f01,Nvidia10K2025.pdf,"Risks Related to Regulatory, Legal, Our Stock and Other Matters",5
"As of January 26, 2025 and January 28, 2024, why do the carrying values of cash equivalents, accounts receivable, accounts payable, and accrued liabilities approximate their fair values?","The carrying values of cash equivalents, accounts receivable, accounts payable, and accrued liabilities approximate their fair values due to their relatively short maturities as of January 26, 2025 and January 28, 2024.",43902865-a96f-403e-9bbb-a9ce9aabe588,Nvidia10K2025.pdf,Fair Value of Financial Instruments,5
"In what year did Debora Shoquist transition from her role at Coherent, Inc. to JDS Uniphase Corp.?","Debora Shoquist transitioned from her role at Coherent, Inc. to JDS Uniphase Corp. in 2004.",f29f23af-0fc5-42f0-85cf-9861a760182b,Nvidia10K2025.pdf,Information About Our Executive Officers,5
"On what date will the worldwide licensing requirement become effective for products under ECCNs 3A090.a, 4A090.a, or corresponding .z ECCNs, as per the 'AI Diffusion' IFR published by the USG?","The worldwide licensing requirement will become effective on May 15, 2025, following the 120-day delayed compliance period from the publication date of January 15, 2025.",b002d73e-36be-43b7-a8b5-7724140357a8,Nvidia10K2025.pdf,Global Trade,5
What are the potential consequences for Nvidia's financial results if the company fails to develop or monetize new products and technologies as described in the context?,"If Nvidia fails to develop or monetize new products and technologies, or if these do not become widely adopted, the company's financial results could be adversely affected. This includes not obtaining design wins, which may prevent future design wins, and failing to ensure that products and technologies provide value to customers and partners, all of which can harm financial results.",fc7737d2-c147-4776-b9af-e11a2ec618f7,Nvidia10K2025.pdf,Risks Related to Our Industry and Markets,5
"How does Nvidia determine the cost basis for inventory after it has been written-off or written-down, and what risk factors are considered in making inventory provisions?","Once inventory has been written-off or written-down, Nvidia establishes a new cost basis for the inventory. The risk factors considered for making inventory provisions include excess quantities of products based on inventory levels, future product purchase commitments, and assumptions about future demand and market conditions.",cddac675-237a-4eea-8634-8a99087996d3,Nvidia10K2025.pdf,Inventories,4
"What was the unfavorable impact on Nvidia's gross margin from inventory provisions and sales of items previously written down in fiscal year 2024, and how does it compare to fiscal year 2025?","The unfavorable impact on Nvidia's gross margin from inventory provisions and sales of items previously written down was 2.7% in fiscal year 2024, compared to 2.3% in fiscal year 2025.",d0e9ac34-5ebc-4a5e-bac6-e36ceeed6c27,Nvidia10K2025.pdf,"commitments compared to assumptions about future demand and market conditions, which requires management judgment.",5
"What specific regions, besides China, are mentioned as potentially being impacted by excessive or shifting export controls affecting NVIDIA's business?","Other markets that may be impacted include Europe, Latin America, and Southeast Asia.",52e818fd-dac3-486f-a13f-55eaeca96305,Nvidia10K2025.pdf,"Risks Related to Regulatory, Legal, Our Stock and Other Matters",5
"According to the Nvidia 10-K 2025, if you are in Continuous Service outside the United States, what is the company's position on the liability for foreign exchange rate fluctuations affecting the value of the Award or amounts due from vesting and subsequent sale of shares of Common Stock?","Neither the Company, the Service Recipient nor any other Affiliate shall be liable for any foreign exchange rate fluctuation between your local currency and the United States Dollar that may affect the value of the Award or of any amounts due to you pursuant to the vesting of the Award or the subsequent sale of any shares of Common Stock acquired upon settlement.",c226707e-6eda-4fb9-ada6-fb03e8df37bb,Nvidia10K2025.pdf,"11. Nature of Grant. By accepting your Award, you acknowledge, understand and agree that:",5
Calculate the total net impact of deferred income taxes and (gains) losses on non-marketable equity securities and publicly-held equity securities for the latest reported period.,"For the latest reported period, the net impact is calculated as follows: Deferred income taxes ($4,477) + (Gains) losses on non-marketable equity securities and publicly-held equity securities ($1,030) = ($5,507) million.",1392bce9-b3d7-4feb-9e6f-23b0ac9d1643,Nvidia10K2025.pdf,(In millions),5
Which specific factors mentioned in the document could adversely impact Nvidia's operating results?,"Nvidia's operating results may be adversely impacted by additional tax liabilities, higher than expected tax rates, changes in tax laws, and other tax-related factors.",bc8ca17b-df60-48ad-a74c-6dfd0541bfd0,Nvidia10K2025.pdf,"Risks Related to Regulatory, Legal, Our Stock, and Other Matters",5
"What event in 2022 is mentioned as having reduced the usage of GPUs for Ethereum mining, and how might it impact the demand and retail prices of Nvidia's GPUs?","The Ethereum 2.0 merge in 2022 is mentioned as an event that reduced the usage of GPUs for Ethereum mining. This reduction in usage may increase aftermarket sales of Nvidia's GPUs, negatively impacting retail prices for their GPUs and reducing demand for new GPUs.",da981a50-c561-4d7d-9e7e-684d06b4afdb,Nvidia10K2025.pdf,"Factors that have caused and/or could in the future cause us to underestimate or overestimate demand, and impact the timing and volume of our revenue, include:",5
"According to the Nvidia 10-K report for the year 2025, in which scenario can a vesting date occur without incurring adverse tax consequences under Section 409A of the Code?","A vesting date can occur without incurring adverse tax consequences under Section 409A of the Code if it happens on the last day of your taxable year in which the applicable vesting date occurs, or if permitted by Treasury Regulations Section 1.409A-1(b)(4), on the last day of the period set forth in Treasury Regulations Section 1.409A-1(b)(4)(i)(A), or any date that is allowed under Section 409A of the Code without incurring adverse tax consequences.",c5fdd88f-b09c-4adc-b0d8-64d4b4418664,Nvidia10K2025.pdf,6. Date of Issuance.,5
"What are the potential consequences mentioned in the context if Nvidia's products or services are compromised due to the lack of direct access to systems, logs, and other information related to a security incident?","If Nvidia's products or services are compromised, a significant number of customers and their data could be affected, resulting in potential liability and harm to Nvidia's business.",8127f5c9-e247-4538-867e-3e09867dd9b3,Nvidia10K2025.pdf,Risks Related to Our Global Operating Business,5
"According to the context from the Nvidia 10-K report effective January 23, 2025, if an employee is in Continuous Service outside the United States, what specific risk related to currency fluctuation is the Company not liable for?","The Company, the Service Recipient, or any other Affiliate shall not be liable for any foreign exchange rate fluctuation between the employee's local currency and the United States Dollar that may affect the value of the Award or of any amounts due pursuant to the vesting of the Award or the subsequent sale of any shares of Common Stock acquired upon settlement.",ba187d69-9d9a-47ab-8048-d12c093c23cd,Nvidia10K2025.pdf,"5. Effective Date: January 23, 2025",5
What dependencies and constraints are identified as potential risks that could negatively impact Nvidia's business in the context of their global operating business?,"Nvidia's business could be negatively impacted by interruptions or delays in services from CSPs, data center co-location partners, and other third parties due to events such as insolvency. Additionally, Nvidia's business is at risk from power or water shortages, land or permitting constraints, or regulations that limit energy, water, or land availability, which could impair the ability of customers to expand data center capacity and consume Nvidia's products and services.",09374d02-65ee-4f55-82e1-a0c06d9f20af,Nvidia10K2025.pdf,Risks Related to Our Global Operating Business,5
"On what date did Colette M. Kress sign the certification statement for NVIDIA Corporation's Annual Report on Form 10-K for the year ended January 26, 2025?","February 26, 2025",df0af89e-c98a-47c8-8500-ed96633a8ce1,Nvidia10K2025.pdf,CERTIFICATION,5
"As of October 23, 2023, which specific Nvidia products listed in the government regulations became immediately subject to the new USG licensing requirements for exports to China and certain other countries, without the previously allowed grace period?","The Nvidia products that became immediately subject to the new USG licensing requirements as of October 23, 2023, without the previously allowed grace period are the A100, A800, H100, H800, and L40S.",227e3a26-f74d-4cb2-a1bd-5f779c25cc0a,Nvidia10K2025.pdf,Government Regulations,5
"In fiscal year 2025, how did Nvidia's Data Center revenue in China as a percentage of total Data Center revenue compare to levels before October 2023, and what factors influenced this change?","In fiscal year 2025, Nvidia's Data Center revenue in China, as a percentage of total Data Center revenue, remained well below levels seen prior to the onset of export controls in October 2023. This change was influenced by the expansion of their product portfolio with new solutions that do not require a USG export control license, as well as the competitive market environment in China for datacenter solutions.",f4cb91e3-6936-466b-9103-e1f7a40fd1b1,Nvidia10K2025.pdf,Global Trade,5
"Based on the provided data from Nvidia's financial results, by what percentage did the Total Operating Expenses as a percentage of revenue increase from the earlier period to the later period?",The Total Operating Expenses increased from 12.6% to 18.6% of revenue. The percentage increase is calculated as ((18.6 - 12.6) / 12.6) * 100 = 47.62%.,750edb36-42f0-4bde-b780-06e8a4b6c472,Nvidia10K2025.pdf,Results of Operations,5
"What regulatory actions mentioned in the document could potentially lead to excess inventory for Nvidia, and how might these actions affect their research and development teams?",The increasing use of economic sanctions and export controls could potentially lead to excess inventory for Nvidia. These actions might also include deemed export control limitations that would negatively impact the ability of Nvidia's research and development teams to execute their roadmap or other objectives in a timely manner.,c23886a1-8cf5-4f20-ac6a-f7b0f3f3981b,Nvidia10K2025.pdf,"Risks Related to Regulatory, Legal, Our Stock and Other Matters",5
"What is the total value of Prepaid supply and capacity agreements, including both current and non-current assets, as of January 26, 2025, and how does it compare to their value on January 28, 2024?","As of January 26, 2025, the total value of Prepaid supply and capacity agreements is $5.047 billion, which includes $3.3 billion in current assets and $1.747 billion in non-current assets. On January 28, 2024, the total value was $4.958 billion, with $2.5 billion in current assets and $2.458 billion in non-current assets. This represents an increase of $89 million in total value from January 28, 2024, to January 26, 2025.",b5bfe53f-ad51-4a85-99f5-0b1bc5f3591d,Nvidia10K2025.pdf,(Continued),5
"According to Section 203 of the DGCL outlined in the Nvidia10K2025.pdf, what are the three specific scenarios involving an interested stockholder that the corporation's transactions must be mindful of?","The three specific scenarios involving an interested stockholder that the corporation's transactions must be mindful of, according to Section 203 of the DGCL, are: 1) any transaction that results in the issuance or transfer by the corporation of any stock of the corporation to the interested stockholder, 2) any transaction involving the corporation that has the effect of increasing the proportionate share of the stock of any class or series of the corporation beneficially owned by the interested stockholder, and 3) the receipt by the interested stockholder of the benefit of any loans, advances, guarantees, pledges, or other financial benefits provided by or through the corporation.",fd0a15ec-68f7-4a63-8a4e-f7c612aafe55,Nvidia10K2025.pdf,Section 203 of the DGCL,5
"According to the Nvidia10K2025.pdf, what dates mark the end of the financial periods for which the company's financial position is fairly presented, and what framework does the company use to maintain effective internal control over financial reporting?","The financial position of the Company is fairly presented as of January 26, 2025, and January 28, 2024, and the company uses the Internal Control - Integrated Framework (2013) issued by COSO to maintain effective internal control over financial reporting.",6647f08f-3bbb-46de-bdd0-3a716d9f2cab,Nvidia10K2025.pdf,Opinions on the Financial Statements and Internal Control over Financial Reporting,5
"On the Effective Date, what happens to the shares of Common Stock that are part of the 1998 Plan's Available Reserve, and how are they integrated into the new plan according to the provided context?","On the Effective Date, any shares of Common Stock that are part of the 1998 Plan's Available Reserve will cease to be available under the 1998 Plan as of 12:01 a.m. Pacific Standard Time. Instead, the number of shares equal to the 1998 Plan's Available Reserve will be added to the Share Reserve and be immediately available for grants under the new plan, up to the maximum number set forth in Section 3(a).",9f99af27-a3a8-45a0-84f3-e4d0b88f7999,Nvidia10K2025.pdf,1. General; Purpose.,5
"In which fiscal year does Nvidia expect to adopt the FASB's new accounting standard issued in December 2023, and what is the anticipated impact on their Consolidated Financial Statements?",Nvidia expects to adopt the FASB's new accounting standard in their fiscal year 2026 annual report. The adoption is not expected to have a material impact on their Consolidated Financial Statements other than additional disclosures.,efa20df0-6bcc-41ef-a430-1c767bba813e,Nvidia10K2025.pdf,Recent Accounting Pronouncements Not Yet Adopted,5
"What is the difference in the diluted net income per share between the year with the highest and the lowest diluted weighted average shares, and how does this difference compare to the basic net income per share difference for the same years?","The year with the highest diluted weighted average shares is the third year with 25,070 shares, and the year with the lowest is the first year with 24,804 shares. The difference in diluted net income per share between these years is $2.94 - $0.17 = $2.77. For the basic net income per share, the difference is $2.97 - $0.18 = $2.79. Thus, the difference in diluted net income per share is slightly less than the difference in basic net income per share by $0.02.",e54812a6-521b-4e72-b9f1-3583725c0218,Nvidia10K2025.pdf,Note 4 - Net Income Per Share,5
"On which date did the Ninth Circuit's judgment, initially entered in August 2023, take effect after the writ of certiorari was dismissed by the court?","February 20, 2025",765b8741-e94b-4725-8967-a1a2e60a6823,Nvidia10K2025.pdf,(Continued),5
"According to the section 'Cash and Cash Equivalents and Marketable Securities' from Nvidia's 10-K report, if a company purchased a highly liquid debt investment with an original maturity of four months, how would it be classified and why?",The investment would be classified as a marketable security because it has a maturity of greater than three months when purchased.,7d156e15-867a-4222-bc23-b947958ff243,Nvidia10K2025.pdf,Cash and Cash Equivalents and Marketable Securities,5
"According to the Nvidia 10K2025 document, if you are prohibited from covering withholding obligations for Tax-Related Items in cash, on what date will the shares that would otherwise be issued to you on the Original Issuance Date actually be issued, assuming the prohibition is lifted on the subsequent first business day and no later than the Issuance Deadline?","The shares will be issued on the first business day when you are not prohibited from selling shares of Common Stock on an established stock exchange or stock market, or on such other date determined by the Company, but in no event later than the Issuance Deadline.",9d0e5b9b-70c6-4941-9041-4c90245ef80b,Nvidia10K2025.pdf,6. Date of Issuance.,5
"What is the date associated with the filing for the Amended and Restated Bylaws of NVIDIA Corporation as mentioned in the Exhibit Index, and which exhibit number corresponds to the Specimen Stock Certificate?","The date associated with the filing for the Amended and Restated Bylaws of NVIDIA Corporation is March 14, 2024, and the exhibit number corresponding to the Specimen Stock Certificate is 4.2.",32f51a45-2ccc-48ee-a498-685df1c8cb8f,Nvidia10K2025.pdf,Exhibit Index,4
"Based on the context provided from the Nvidia 10K report, what are some of the new content types that generative AI can create?","Generative AI can create new content types such as text, code, images, audio, video, molecule structures, and recommendation systems.",5c27118a-08f6-4c87-8779-a1dc74660d4b,Nvidia10K2025.pdf,Item 1. Business,5
"According to the Nvidia 10-K 2025, Section 11, are the shares of Common Stock subject to an Award considered part of the normal or expected compensation for calculating severance or holiday allowance under any employee benefit plan sponsored by the Company?","No, the shares of Common Stock subject to an Award, as well as the income from and value of the same, are not considered part of normal or expected compensation for calculating severance, holiday allowance, or under any employee benefit plan sponsored by the Company or any Affiliate, except where such plan expressly provides otherwise.",4d259ed3-6fb1-46aa-894f-2236e1f5d1e1,Nvidia10K2025.pdf,"11. Nature of Grant. By accepting your Award, you acknowledge, understand and agree that:",5
"According to Section 26 of Nvidia's 2025 10-K report, which U.S. Treasury Regulation section does the Award intend to comply with to avoid being treated as 'deferred compensation'?",The Award is intended to comply with U.S. Treasury Regulation Section 1.409A-1(b)(4) to avoid being treated as 'deferred compensation'.,a333f804-5fe0-463f-a145-e1777f9f69e6,Nvidia10K2025.pdf,26. Compliance with Section 409A of the Code.,5
